{"materials":[{"id":892,"path":"Resources/unity_builtin_extra\\Default-Skybox","assetBundleId":-2,"data":["Default-Skybox",8,154,1000,0,[["_SunDisk",1],["_SunSize",0.0399999991059303],["_SunSizeConvergence",5],["_AtmosphereThickness",1],["_Exposure",1.29999995231628]],[["_SkyTint",0.5,0.5,0.5,1],["_GroundColor",0.368999987840652,0.349000006914139,0.340999990701675,1]],[],[],[["_SUNDISK_SIMPLE",1]]]},{"id":900,"path":"Resources/unity_builtin_extra\\Default-ParticleSystem","assetBundleId":-2,"data":["Default-ParticleSystem",8,180,3000,0,[["_Cutoff",0.5],["_BumpScale",1],["_DistortionStrength",1],["_DistortionBlend",0.5],["_SoftParticlesNearFadeDistance",0],["_SoftParticlesFarFadeDistance",1],["_CameraNearFadeDistance",1],["_CameraFarFadeDistance",2],["_Mode",2],["_ColorMode",0],["_FlipbookMode",0],["_LightingEnabled",0],["_DistortionEnabled",0],["_EmissionEnabled",0],["_BlendOp",0],["_SrcBlend",5],["_DstBlend",10],["_ZWrite",0],["_Cull",2],["_SoftParticlesEnabled",0],["_CameraFadingEnabled",0],["_DistortionStrengthScaled",0]],[["_Color",1,1,1,1],["_EmissionColor",0,0,0,1]],[["_MainTex_ST",1,1,0,0],["_BumpMap_ST",1,1,0,0],["_EmissionMap_ST",1,1,0,0],["_SoftParticleFadeParams",0,0,0,0],["_CameraFadeParams",0,1e9999,0,0],["_ColorAddSubDiff",0,0,0,0]],[["_MainTex",10,898],["_BumpMap",null,null],["_EmissionMap",null,null]],[["_ALPHABLEND_ON",1]]]},{"id":680,"path":"Resources/unity_builtin_extra\\Sprites-Default","assetBundleId":-2,"data":["Sprites-Default",8,26,3000,0,[["PixelSnap",0],["_EnableExternalAlpha",0]],[["_Color",1,1,1,1],["_RendererColor",1,1,1,1]],[["_MainTex_ST",1,1,0,0],["_Flip",1,1,1,1],["_AlphaTex_ST",1,1,0,0]],[["_MainTex",null,null],["_AlphaTex",null,null]],[]]}],"shaders":[{"id":154,"assetBundleId":-2,"data":[[],"Skybox/Procedural",null,["_SUNDISK_HIGH_QUALITY","_SUNDISK_NONE","_SUNDISK_SIMPLE","STEREO_CUBEMAP_RENDER_ON","STEREO_INSTANCING_ON","STEREO_MULTIVIEW_ON","UNITY_SINGLE_PASS_STEREO"],[[0,0,"",0,"",0,[4,null],[0,null],[0,null],[[1,null],[0,null],[0,null]],[[1,null],[0,null],[0,null]],[15,null],[0,null],[0,null],[0,null],[255,null],[255,null],[[0,null],[0,null],[0,null],[8,null]],[[0,null],[0,null],[0,null],[8,null]],[[0,null],[0,null],[0,null],[8,null]],[["PreviewType","Skybox"],["QUEUE","Background"],["RenderType","Background"]],["STEREO_CUBEMAP_RENDER_ON","STEREO_INSTANCING_ON","STEREO_MULTIVIEW_ON","UNITY_SINGLE_PASS_STEREO","_SUNDISK_HIGH_QUALITY","_SUNDISK_NONE","_SUNDISK_SIMPLE"],[],[],[],0]],[],[["_SunDisk",2,2,0,0,0,"",0],["_SunSize",3,0.0399999991059303,0,1,0,"",0],["_SunSizeConvergence",3,5,1,10,0,"",0],["_AtmosphereThickness",3,1,0,5,0,"",0],["_SkyTint",0,0.5,0.5,0.5,1,"",0],["_GroundColor",0,0.368999987840652,0.349000006914139,0.340999990701675,1,"",0],["_Exposure",3,1.29999995231628,0,8,0,"",0]],null,null,0,0,0]},{"id":180,"assetBundleId":-2,"data":[[],"Particles/Standard Unlit",null,["SHADOWS_DEPTH","_ALPHABLEND_ON","_ALPHAMODULATE_ON","_ALPHAPREMULTIPLY_ON","_ALPHATEST_ON","_REQUIRE_UV2","FOG_EXP","FOG_EXP2","FOG_LINEAR","_COLORADDSUBDIFF_ON","_COLORCOLOR_ON","_COLOROVERLAY_ON","_EMISSION","_FADING_ON","_NORMALMAP","INSTANCING_ON","PROCEDURAL_INSTANCING_ON","SHADOWS_CUBE","STEREO_CUBEMAP_RENDER_ON","STEREO_INSTANCING_ON","STEREO_MULTIVIEW_ON","UNITY_SINGLE_PASS_STEREO","__","_","EFFECT_BUMP","SOFTPARTICLES_ON"],[[0,0,"",0,"_GrabTexture",0,[0,null],[0,null],[0,null],[[1,null],[0,null],[0,null]],[[1,null],[0,null],[0,null]],[15,null],[0,null],[0,null],[0,null],[0,null],[0,null],[[0,null],[0,null],[0,null],[0,null]],[[0,null],[0,null],[0,null],[0,null]],[[0,null],[0,null],[0,null],[0,null]],[["LIGHTMODE","GRABPASS"]],[],[],[],[],0],[1,0,"ShadowCaster",8,"",0,[4,null],[1,null],[0,null],[[1,null],[0,null],[0,null]],[[1,null],[0,null],[0,null]],[14,null],[0,null],[0,null],[0,null],[255,null],[255,null],[[0,null],[0,null],[0,null],[8,null]],[[0,null],[0,null],[0,null],[8,null]],[[0,null],[0,null],[0,null],[8,null]],[["IGNOREPROJECTOR","true"],["LIGHTMODE","SHADOWCASTER"],["PerformanceChecks","False"],["PreviewType","Plane"],["RenderType","Opaque"],["SHADOWSUPPORT","true"]],["INSTANCING_ON","PROCEDURAL_INSTANCING_ON","SHADOWS_CUBE","SHADOWS_DEPTH","STEREO_CUBEMAP_RENDER_ON","STEREO_INSTANCING_ON","STEREO_MULTIVIEW_ON","UNITY_SINGLE_PASS_STEREO","_ALPHABLEND_ON","_ALPHAMODULATE_ON","_ALPHAPREMULTIPLY_ON","_ALPHATEST_ON","_REQUIRE_UV2","__","_"],[],[],[],0],[4,0,"",0,"",0,[4,null],[0,"_ZWrite"],[0,"_Cull"],[[0,"_SrcBlend"],[0,"_DstBlend"],[0,"_BlendOp"]],[[0,"_SrcBlend"],[0,"_DstBlend"],[0,"_BlendOp"]],[14,null],[0,null],[0,null],[0,null],[255,null],[255,null],[[0,null],[0,null],[0,null],[8,null]],[[0,null],[0,null],[0,null],[8,null]],[[0,null],[0,null],[0,null],[8,null]],[["IGNOREPROJECTOR","true"],["PerformanceChecks","False"],["PreviewType","Plane"],["RenderType","Opaque"]],["EFFECT_BUMP","FOG_EXP","FOG_EXP2","FOG_LINEAR","INSTANCING_ON","PROCEDURAL_INSTANCING_ON","SOFTPARTICLES_ON","STEREO_CUBEMAP_RENDER_ON","STEREO_INSTANCING_ON","STEREO_MULTIVIEW_ON","UNITY_SINGLE_PASS_STEREO","_ALPHABLEND_ON","_ALPHAMODULATE_ON","_ALPHAPREMULTIPLY_ON","_ALPHATEST_ON","_COLORADDSUBDIFF_ON","_COLORCOLOR_ON","_COLOROVERLAY_ON","_EMISSION","_FADING_ON","_NORMALMAP","_REQUIRE_UV2","__","_"],[],[[4,0,["_ALPHABLEND_ON"],0,1,0,0],[4,0,["_ALPHABLEND_ON"],2,3,1,0]],[],0]],[],[["_MainTex",4,0,0,0,0,"white",0],["_Color",0,1,1,1,1,"",0],["_Cutoff",3,0.5,0,1,0,"",0],["_BumpScale",2,1,0,0,0,"",0],["_BumpMap",4,0,0,0,0,"bump",0],["_EmissionColor",0,0,0,0,1,"",0],["_EmissionMap",4,0,0,0,0,"white",0],["_DistortionStrength",2,1,0,0,0,"",0],["_DistortionBlend",3,0.5,0,1,0,"",0],["_SoftParticlesNearFadeDistance",2,0,0,0,0,"",0],["_SoftParticlesFarFadeDistance",2,1,0,0,0,"",0],["_CameraNearFadeDistance",2,1,0,0,0,"",0],["_CameraFarFadeDistance",2,2,0,0,0,"",0],["_Mode",2,0,0,0,0,"",1],["_ColorMode",2,0,0,0,0,"",1],["_FlipbookMode",2,0,0,0,0,"",1],["_LightingEnabled",2,0,0,0,0,"",1],["_DistortionEnabled",2,0,0,0,0,"",1],["_EmissionEnabled",2,0,0,0,0,"",1],["_BlendOp",2,0,0,0,0,"",1],["_SrcBlend",2,1,0,0,0,"",1],["_DstBlend",2,0,0,0,0,"",1],["_ZWrite",2,1,0,0,0,"",1],["_Cull",2,2,0,0,0,"",1],["_SoftParticlesEnabled",2,0,0,0,0,"",1],["_CameraFadingEnabled",2,0,0,0,0,"",1],["_SoftParticleFadeParams",1,0,0,0,0,"",1],["_CameraFadeParams",1,0,0,0,0,"",1],["_ColorAddSubDiff",1,0,0,0,0,"",1],["_DistortionStrengthScaled",2,0,0,0,0,"",1]],8,72,0,0,0]},{"id":26,"assetBundleId":-2,"data":[[],"Sprites/Default",null,["PIXELSNAP_ON","ETC1_EXTERNAL_ALPHA","INSTANCING_ON","STEREO_CUBEMAP_RENDER_ON","STEREO_INSTANCING_ON","STEREO_MULTIVIEW_ON","UNITY_SINGLE_PASS_STEREO","_","__"],[[0,0,"",0,"",0,[4,null],[0,null],[0,null],[[1,null],[10,null],[0,null]],[[1,null],[10,null],[0,null]],[15,null],[0,null],[0,null],[0,null],[255,null],[255,null],[[0,null],[0,null],[0,null],[8,null]],[[0,null],[0,null],[0,null],[8,null]],[[0,null],[0,null],[0,null],[8,null]],[["CanUseSpriteAtlas","true"],["IGNOREPROJECTOR","true"],["PreviewType","Plane"],["QUEUE","Transparent"],["RenderType","Transparent"]],["ETC1_EXTERNAL_ALPHA","INSTANCING_ON","PIXELSNAP_ON","STEREO_CUBEMAP_RENDER_ON","STEREO_INSTANCING_ON","STEREO_MULTIVIEW_ON","UNITY_SINGLE_PASS_STEREO","_","__"],[],[[0,0,[],4,5,0,0],[0,0,[],6,7,1,0]],[],0]],[],[["_MainTex",4,0,0,0,0,"white",2],["_Color",0,1,1,1,1,"",0],["PixelSnap",2,0,0,0,0,"",0],["_RendererColor",0,1,1,1,1,"",1],["_Flip",1,1,1,1,1,"",1],["_AlphaTex",4,0,0,0,0,"white",2],["_EnableExternalAlpha",2,0,0,0,0,"",2]],null,null,0,0,0]},{"id":28,"assetBundleId":-2,"data":[[],"UI/Default",null,["UNITY_UI_ALPHACLIP","UNITY_UI_CLIP_RECT","STEREO_CUBEMAP_RENDER_ON","STEREO_INSTANCING_ON","STEREO_MULTIVIEW_ON","UNITY_SINGLE_PASS_STEREO","_"],[[0,0,"Default",0,"",0,[0,"unity_GUIZTestMode"],[0,null],[0,null],[[1,null],[10,null],[0,null]],[[1,null],[10,null],[0,null]],[0,"_ColorMask"],[0,null],[0,null],[0,"_Stencil"],[0,"_StencilReadMask"],[0,"_StencilWriteMask"],[[0,"_StencilOp"],[0,null],[0,null],[0,"_StencilComp"]],[[0,null],[0,null],[0,null],[8,null]],[[0,null],[0,null],[0,null],[8,null]],[["CanUseSpriteAtlas","true"],["IGNOREPROJECTOR","true"],["PreviewType","Plane"],["QUEUE","Transparent"],["RenderType","Transparent"]],["STEREO_CUBEMAP_RENDER_ON","STEREO_INSTANCING_ON","STEREO_MULTIVIEW_ON","UNITY_SINGLE_PASS_STEREO","UNITY_UI_ALPHACLIP","UNITY_UI_CLIP_RECT","_"],[],[[0,0,[],8,9,0,0],[0,0,[],10,11,1,0]],[],0]],[],[["_MainTex",4,0,0,0,0,"white",2],["_Color",0,1,1,1,1,"",0],["_StencilComp",2,8,0,0,0,"",0],["_Stencil",2,0,0,0,0,"",0],["_StencilOp",2,0,0,0,0,"",0],["_StencilWriteMask",2,255,0,0,0,"",0],["_StencilReadMask",2,255,0,0,0,"",0],["_ColorMask",2,15,0,0,0,"",0],["_UseUIAlphaClip",2,0,0,0,0,"",0]],null,null,0,0,0]},{"id":48,"assetBundleId":-2,"data":[[],"Hidden/BlitCopy",null,["STEREO_CUBEMAP_RENDER_ON","STEREO_INSTANCING_ON","STEREO_MULTIVIEW_ON","UNITY_SINGLE_PASS_STEREO"],[[0,0,"",0,"",0,[8,null],[0,null],[0,null],[[1,null],[0,null],[0,null]],[[1,null],[0,null],[0,null]],[15,null],[0,null],[0,null],[0,null],[255,null],[255,null],[[0,null],[0,null],[0,null],[8,null]],[[0,null],[0,null],[0,null],[8,null]],[[0,null],[0,null],[0,null],[8,null]],[],["STEREO_CUBEMAP_RENDER_ON","STEREO_INSTANCING_ON","STEREO_MULTIVIEW_ON","UNITY_SINGLE_PASS_STEREO"],[],[],[],0]],[],[["_MainTex",4,0,0,0,0,"",0],["_Color",0,1,1,1,1,"",0]],null,null,0,0,0]},{"id":72,"assetBundleId":-2,"data":[[],"Legacy Shaders/VertexLit",null,["FOG_EXP","FOG_EXP2","FOG_LINEAR","POINT","SPOT","SHADOWS_DEPTH","STEREO_CUBEMAP_RENDER_ON","STEREO_INSTANCING_ON","STEREO_MULTIVIEW_ON","UNITY_SINGLE_PASS_STEREO","_","__","INSTANCING_ON","SHADOWS_CUBE"],[[0,0,"",1,"",0,[4,null],[1,null],[2,null],[[1,null],[0,null],[0,null]],[[1,null],[0,null],[0,null]],[15,null],[0,null],[0,null],[0,null],[255,null],[255,null],[[0,null],[0,null],[0,null],[8,null]],[[0,null],[0,null],[0,null],[8,null]],[[0,null],[0,null],[0,null],[8,null]],[["LIGHTMODE","Vertex"],["RenderType","Opaque"]],["FOG_EXP","FOG_EXP2","FOG_LINEAR","POINT","SPOT","STEREO_CUBEMAP_RENDER_ON","STEREO_INSTANCING_ON","STEREO_MULTIVIEW_ON","UNITY_SINGLE_PASS_STEREO","_"],[],[],[],0],[1,0,"",2,"",0,[4,null],[1,null],[2,null],[[1,null],[0,null],[0,null]],[[1,null],[0,null],[0,null]],[15,null],[0,null],[0,null],[0,null],[255,null],[255,null],[[0,null],[0,null],[0,null],[8,null]],[[0,null],[0,null],[0,null],[8,null]],[[0,null],[0,null],[0,null],[8,null]],[["LIGHTMODE","VertexLM"],["RenderType","Opaque"]],["FOG_EXP","FOG_EXP2","FOG_LINEAR","STEREO_CUBEMAP_RENDER_ON","STEREO_INSTANCING_ON","STEREO_MULTIVIEW_ON","UNITY_SINGLE_PASS_STEREO","__"],[],[],[],0],[2,0,"ShadowCaster",8,"",0,[4,null],[1,null],[2,null],[[1,null],[0,null],[0,null]],[[1,null],[0,null],[0,null]],[15,null],[0,null],[0,null],[0,null],[255,null],[255,null],[[0,null],[0,null],[0,null],[8,null]],[[0,null],[0,null],[0,null],[8,null]],[[0,null],[0,null],[0,null],[8,null]],[["LIGHTMODE","SHADOWCASTER"],["RenderType","Opaque"],["SHADOWSUPPORT","true"]],["INSTANCING_ON","SHADOWS_CUBE","SHADOWS_DEPTH","STEREO_CUBEMAP_RENDER_ON","STEREO_INSTANCING_ON","STEREO_MULTIVIEW_ON","UNITY_SINGLE_PASS_STEREO","__"],[],[],[],0]],[],[["_Color",0,1,1,1,1,"",0],["_SpecColor",0,1,1,1,1,"",0],["_Emission",0,0,0,0,0,"",0],["_Shininess",3,0.699999988079071,0.00999999977648258,1,0,"",0],["_MainTex",4,0,0,0,0,"white",0]],null,null,0,0,0]}],"sprites":[{"id":930,"path":"Resources/unity_builtin_extra\\UIMask","assetBundleId":-2,"data":["UIMask",10,928,[0,0,0,0.07,0.07,0],[0.055,0.07,0,0.84375,0.9375,0.07,-0.06,0,0.9375,0.125,0.07,0.055,0,0.9375,0.84375,0.055,-0.07,0,0.84375,0.0625,-0.065,-0.07,0,0.09375,0.0625,-0.07,0.07,0,0.0625,0.9375,-0.07,-0.06,0,0.0625,0.125],[6,5,4,0,4,5,3,4,0,1,3,0,2,1,0],-0.000835970044136047,-0.000835970044136047,0.999164044857025,0.999164044857025,0.0625,0.0625,0.9375,0.9375,0.3125,0.3125,0.3125,0.3125,[0,0,0,0],[-0.08,-0.08,0.08,0.08],200,32,32,32,32,16,16,2.02675104141235,2.02675104141235]}],"textures":[{"id":898,"type":0,"path":"Resources/unity_builtin_extra\\Default-ParticleSystem","assetBundleId":-2,"data":["Default-ParticleSystem",64,64,7,1,1,0,4,1,0,1,8,0,0,1,1]},{"id":928,"type":0,"path":"Resources/unity_builtin_extra\\UIMask","assetBundleId":-2,"data":["UIMask",32,32,6,16,1,0,4,1,1,1,8,0,0,1,1]}],"cubemaps":[{"id":27806,"type":2,"path":"Assets/@Scenes/MatchtheStuffs.unity/PrefilteredEnvironment.exr","assetBundleId":-2,"data":["",-100594,8,1,128,0,2,[0,0,0.25,0.5,0,0.5,0.25,1,0.25,0,0.5,0.5,0.25,0.5,0.5,1,0.5,0,0.75,0.5,0.75,0,1,0.5,0.5,0.5,0.625,0.75,0.5,0.75,0.625,1,0.625,0.5,0.75,0.75,0.625,0.75,0.75,1,0.75,0.5,0.875,0.75,0.875,0.5,1,0.75,0.75,0.75,0.8125,0.875,0.75,0.875,0.8125,1,0.8125,0.75,0.875,0.875,0.8125,0.875,0.875,1,0.875,0.75,0.9375,0.875,0.9375,0.75,1,0.875,0.875,0.875,0.90625,0.9375,0.875,0.9375,0.90625,1,0.90625,0.875,0.9375,0.9375,0.90625,0.9375,0.9375,1,0.9375,0.875,0.96875,0.9375,0.96875,0.875,1,0.9375,0.9375,0.9375,0.953125,0.96875,0.9375,0.96875,0.953125,1,0.953125,0.9375,0.96875,0.96875,0.953125,0.96875,0.96875,1,0.96875,0.9375,0.984375,0.96875,0.984375,0.9375,1,0.96875,0.96875,0.96875,0.9765625,0.984375,0.96875,0.984375,0.9765625,1,0.9765625,0.96875,0.984375,0.984375,0.9765625,0.984375,0.984375,1,0.984375,0.96875,0.9921875,0.984375,0.9921875,0.96875,1,0.984375,0.984375,0.984375,0.98828125,0.9921875,0.984375,0.9921875,0.98828125,1,0.98828125,0.984375,0.9921875,0.9921875,0.98828125,0.9921875,0.9921875,1,0.9921875,0.984375,0.99609375,0.9921875,0.99609375,0.984375,1,0.9921875,0.9921875,0.9921875,0.994140625,0.99609375,0.9921875,0.99609375,0.994140625,1,0.994140625,0.9921875,0.99609375,0.99609375,0.994140625,0.99609375,0.99609375,1,0.99609375,0.9921875,0.998046875,0.99609375,0.998046875,0.9921875,1,0.99609375],1,1]}],"resources":[{"id":0,"assetBundleId":-2,"data":[[["fonts & materials/liberationsans sdf",10,26880],["fonts & materials/liberationsans sdf",6,26878],["fonts & materials/liberationsans sdf - fallback",10,26818],["fonts & materials/liberationsans sdf - fallback",6,26816],["fonts & materials/liberationsans sdf - fallback",39,26814],["fonts & materials/liberationsans sdf",39,26876],["fonts & materials/liberationsans sdf - drop shadow",6,26800],["unity_builtin_extra",8,180],["unity_builtin_extra",10,898],["unity_builtin_extra",6,900],["unity_builtin_extra",8,26],["unity_builtin_extra",6,680],["unity_builtin_extra",8,154],["unity_builtin_extra",6,892],["unity_builtin_extra",8,28],["dotweensettings",89,26860],["sprite assets/emojione",6,27574],["sprite assets/emojione",91,26804],["style sheets/default style sheet",92,26882],["linebreaking leading characters",93,27204],["linebreaking following characters",93,27206],["tmp settings",90,26868],["debuguicanvas",20,27452],["unity_builtin_extra",10,928],["unity_builtin_extra",16,930],["debuguipersistentcanvas",20,27454],["fonts & materials/liberationsans sdf - outline",6,26822]],[29736,29080,30466,29080,29298,29080,31188,29080,29286,29080,29740,29080,30470,29080,31196,29080,29738,29080,29082,29080,29026,29080,29290,29080,29720,29080,29084,29080,29732,29080,30450,29080,29292,29080,31176,29080,29726,29080,30446,29080,29294,29080,31178,29080,30426,29080,30434,29080,29746,29080,30456,29080,29302,29080,31202,29080,29086,29080,29718,29080,29712,29080,29028,29090,29092,29090,29094,29090,29750,29090,29754,29090,29030,29098,29314,29098,29766,29098,29102,29098,30480,29098,29762,29098,29100,29098,29758,29098,29760,29098,29032,29106,29110,29106,30504,29106,29318,29106,30498,29106,30490,29106,30510,29106,29324,29106,29326,29106,29328,29106,29330,29106,29332,29106,29108,29106,29770,29106,29772,29106,29034,29114,29118,29114,30516,29114,29334,29114,30536,29114,30524,29114,30530,29114,29340,29114,29342,29114,29344,29114,29346,29114,29348,29114,29116,29114,29786,29114,29788,29114,29036,29122,29126,29122,30556,29122,29350,29122,30550,29122,30544,29122,30562,29122,29356,29122,29358,29122,29360,29122,29362,29122,29364,29122,29124,29122,29802,29122,29804,29122,29038,29130,29134,29130,29822,29130,29366,29130,29820,29130,29370,29130,29372,29130,29374,29130,29132,29130,29818,29130,29824,29130,29040,29138,29140,29138,29380,29138,29384,29138,29834,29138,29146,29144,29400,29144,29402,29144,29404,29144,29042,29144,29148,29144,29848,29144,29846,29144,29154,29152,29426,29152,29428,29152,29430,29152,29432,29152,29044,29152,29416,29152,29880,29152,29882,29152,29156,29152,30608,29152,30610,29152,29418,29152,29888,29152,29890,29152,30596,29152,30598,29152,29420,29152,29896,29152,29898,29152,30604,29152,30606,29152,29422,29152,29906,29152,29908,29152,30600,29152,30602,29152,29866,29152,29864,29152,29868,29152,29870,29152,29872,29152,29874,29152,29876,29152,29162,29160,29444,29160,29446,29160,29448,29160,29046,29160,29452,29160,29928,29160,29930,29160,29164,29160,30642,29160,30644,29160,29454,29160,29940,29160,29942,29160,30638,29160,30640,29160,29920,29160,29918,29160,29922,29160,29924,29160,29170,29168,29466,29168,29468,29168,29470,29168,29048,29168,29474,29168,29970,29168,29972,29168,29172,29168,30664,29168,30666,29168,29476,29168,29976,29168,29978,29168,30672,29168,30674,29168,29478,29168,29982,29168,29984,29168,30668,29168,30670,29168,29954,29168,29944,29168,29956,29168,29958,29168,29960,29168,29178,29176,29500,29176,29502,29176,29504,29176,29050,29176,29490,29176,30008,29176,30010,29176,29180,29176,30702,29176,30704,29176,29492,29176,30020,29176,30022,29176,30698,29176,30700,29176,29494,29176,30028,29176,30030,29176,30710,29176,30712,29176,29496,29176,30014,29176,30016,29176,30706,29176,30708,29176,29996,29176,29986,29176,29998,29176,30000,29176,30002,29176,30004,29176,29052,29184,29054,29188,29194,29192,29532,29192,29056,29192,29196,29192,30044,29192,29202,29200,29604,29200,29606,29200,29608,29200,29058,29200,29538,29200,30850,29200,31376,29200,30118,29200,31364,29200,30838,29200,30116,29200,29204,29200,30834,29200,30836,29200,29540,29200,30904,29200,31456,29200,30178,29200,31450,29200,30910,29200,30176,29200,30906,29200,30908,29200,29542,29200,30894,29200,31278,29200,30172,29200,31286,29200,31088,29200,30170,29200,31084,29200,31086,29200,29544,29200,30884,29200,31408,29200,30302,29200,31506,29200,30832,29200,30300,29200,30828,29200,30830,29200,29546,29200,30962,29200,31550,29200,30142,29200,31342,29200,30762,29200,30140,29200,30758,29200,30760,29200,29548,29200,30860,29200,31474,29200,30052,29200,31402,29200,30968,29200,30050,29200,30964,29200,30966,29200,29550,29200,30988,29200,31346,29200,30136,29200,31268,29200,31038,29200,30134,29200,31034,29200,31036,29200,29552,29200,30754,29200,31332,29200,30314,29200,31350,29200,30880,29200,30312,29200,30876,29200,30878,29200,29554,29200,31124,29200,31326,29200,30112,29200,31336,29200,31066,29200,30110,29200,31062,29200,31064,29200,29556,29200,30926,29200,31536,29200,30278,29200,31352,29200,31028,29200,30276,29200,31024,29200,31026,29200,29558,29200,31032,29200,31434,29200,30290,29200,31334,29200,30844,29200,30288,29200,30840,29200,30842,29200,29560,29200,31050,29200,31298,29200,30308,29200,31338,29200,31056,29200,30306,29200,31052,29200,31054,29200,29562,29200,30792,29200,31518,29200,30058,29200,31386,29200,30788,29200,30056,29200,30784,29200,30786,29200,29564,29200,31012,29200,31480,29200,30130,29200,31544,29200,30978,29200,30128,29200,30974,29200,30976,29200,29566,29200,30772,29200,31554,29200,30160,29200,31308,29200,30814,29200,30158,29200,30810,29200,30812,29200,29568,29200,30874,29200,31512,29200,30154,29200,31570,29200,30824,29200,30152,29200,30820,29200,30822,29200,29570,29200,31104,29200,31522,29200,30166,29200,31356,29200,30856,29200,30164,29200,30852,29200,30854,29200,29572,29200,31022,29200,31428,29200,30070,29200,31340,29200,31094,29200,30068,29200,31090,29200,31092,29200,29574,29200,31016,29200,31384,29200,30100,29200,31564,29200,31044,29200,30098,29200,31040,29200,31042,29200,29576,29200,30972,29200,31562,29200,30320,29200,31542,29200,30984,29200,30318,29200,30980,29200,30982,29200,29578,29200,30898,29200,31580,29200,30148,29200,31358,29200,31116,29200,30146,29200,31112,29200,31114,29200,29580,29200,30744,29200,31380,29200,30106,29200,31270,29200,30918,29200,30104,29200,30914,29200,30916,29200,29582,29200,30956,29200,31484,29200,30064,29200,31360,29200,31110,29200,30062,29200,31106,29200,31108,29200,29584,29200,30740,29200,31460,29200,30296,29200,31486,29200,31072,29200,30294,29200,31068,29200,31070,29200,29586,29200,30868,29200,31282,29200,30076,29200,31290,29200,30952,29200,30074,29200,30948,29200,30950,29200,29588,29200,30798,29200,31494,29200,30272,29200,31558,29200,30806,29200,30270,29200,30802,29200,30804,29200,29590,29200,30936,29200,31318,29200,30266,29200,31412,29200,30782,29200,30264,29200,30778,29200,30780,29200,29592,29200,31080,29200,31370,29200,30094,29200,31524,29200,31100,29200,30092,29200,31096,29200,31098,29200,29594,29200,30776,29200,31294,29200,30082,29200,31462,29200,31008,29200,30080,29200,31004,29200,31006,29200,29596,29200,30922,29200,31502,29200,30284,29200,31496,29200,31000,29200,30282,29200,30996,29200,30998,29200,29598,29200,30736,29200,31418,29200,30088,29200,31430,29200,30768,29200,30086,29200,30764,29200,30766,29200,29600,29200,31060,29200,31530,29200,30124,29200,31498,29200,30890,29200,30122,29200,30886,29200,30888,29200,30188,29200,30186,29200,30190,29200,30192,29200,30194,29200,30196,29200,30198,29200,30200,29200,30202,29200,30204,29200,30206,29200,30208,29200,30210,29200,30212,29200,30214,29200,30216,29200,30218,29200,30220,29200,30222,29200,30224,29200,30226,29200,30228,29200,30230,29200,30232,29200,30234,29200,30236,29200,30238,29200,30240,29200,30242,29200,30244,29200,30246,29200,30248,29200,30250,29200,30252,29200,29060,29208,29624,29208,30324,29208,29212,29208,31128,29208,30330,29208,29210,29208,30326,29208,30328,29208,29062,29216,29218,29216,29220,29216,30340,29216,30336,29216,29226,29224,29644,29224,29646,29224,29648,29224,29064,29224,29228,29224,30352,29224,30350,29224,29066,29232,29234,29232,30362,29232,29068,29238,29242,29238,29668,29238,29670,29238,29240,29238,30366,29238,30370,29238,29070,29246,29248,29246,29250,29246,30376,29246,30380,29246,29072,29254,29256,29254,29258,29254,30384,29254,30388,29254,29074,29262,29266,29262,30400,29262,30398,29262,29688,29262,29690,29262,29692,29262,29264,29262,30392,29262,30402,29262,29076,29270,29274,29270,30410,29270,29704,29270,30408,29270,29698,29270,29700,29270,29702,29270,29272,29270,30412,29270,30414,29270,31746,27454,31756,27454,31758,31764,31766,31764,31768,31764,31786,31764,31790,31764]]}],"project-settings":[{"id":-1,"assetBundleId":-2,"data":[[["UnityEngine.EventSystems.EventSystem",-1000],["UnityEngine.UI.ToggleGroup",10],["TMPro.TextMeshPro",-105],["TMPro.TextMeshProUGUI",-100],["TMPro.TextContainer",-110],["UnityEngine.Rendering.Universal.CinemachineUniversalPixelPerfect",-1]],[[-611672961,"Background",-1],[0,"Default",0],[1456684971,"Foreground",1],[-1111072475,"Scenery",2],[617671275,"Level",3],[-1592510795,"Player",4],[-1685016129,"UI",5]],[[0,"Default"],[1,"TransparentFX"],[2,"Ignore Raycast"],[3,"Slot"],[4,"Water"],[5,"UI"]],[0.0199999995529652,0.333333343267441,1,0.0299999993294477],[0,-9.8100004196167,0,6,2,0,1,[[0,0,0],[0,0,1],[0,0,2],[0,0,3],[0,0,4],[0,0,5],[0,1,0],[0,1,1],[0,1,2],[0,1,3],[0,1,4],[0,1,5],[0,2,0],[0,2,1],[0,2,2],[0,2,3],[0,2,4],[0,2,5],[0,3,0],[0,3,1],[0,3,2],[0,3,3],[0,3,4],[0,3,5],[0,4,0],[0,4,1],[0,4,2],[0,4,3],[0,4,4],[0,4,5],[0,5,0],[0,5,1],[0,5,2],[0,5,3],[0,5,4],[0,5,5]]],[null,null,0,-9.8100004196167,3,8,1,0.200000002980232,8,100,360,0.200000002980232,0.75,0.5,0.00999999977648258,2,0.00999999977648258,1,1,1,1,0,0,[[0,0,0],[0,0,1],[0,0,2],[0,0,3],[0,0,4],[0,0,5],[0,1,0],[0,1,1],[0,1,2],[0,1,3],[0,1,4],[0,1,5],[0,2,0],[0,2,1],[0,2,2],[0,2,3],[0,2,4],[0,2,5],[0,3,0],[0,3,1],[0,3,2],[0,3,3],[0,3,4],[0,3,5],[0,4,0],[0,4,1],[0,4,2],[0,4,3],[0,4,4],[0,4,5],[0,5,0],[0,5,1],[0,5,2],[0,5,3],[0,5,4],[0,5,5]]],[[[[],["Performant","Balanced","High Fidelity"],0,0,0,0.400000005960464,1,20,0,1,0,0,0,0,0,0,2,4,0,0,0.333333343267441,0.0666666701436043,0.200000002980232,0.466666668653488,0,0,16,2,0,3,512,0,1,2,512,1,1024,0],[[],["Performant","Balanced","High Fidelity"],1,1,0,1,1,20,0,1,0,0,0,0,0,0,2,64,1,0,0.333333343267441,0.0666666701436043,0.200000002980232,0.466666668653488,0,1,16,2,0,3,512,0,1,2,512,1,1024,1],[[],["Performant","Balanced","High Fidelity"],2,2,4,2,2,40,1,1,1,0,1,0,0,0,2,2048,2,1,0.333333343267441,0.0666666701436043,0.200000002980232,0.466666668653488,0,1,16,2,1,3,512,0,1,2,512,1,1024,2]],["Performant","Balanced","High Fidelity"],2,2,4,2,2,40,1,1,1,0,1,0,0,0,2,2048,2,1,0.333333343267441,0.0666666701436043,0.200000002980232,0.466666668653488,0,1,16,2,1,3,512,0,1,2,512,1,1024,2],0,0,0,2,0,["Untagged","Respawn","Finish","EditorOnly","MainCamera","Player","GameController"]]}]}